<?xml version="1.0" encoding="UTF-8"?>
<templates xml:space="preserve">

    <t t-name="asterisk_plus.active_calls_popup" owl="1">
        <div t-if="state.isDisplay" class="o_active_calls">
            <div t-if="state.calls.length > 0" class="o_list_view" t-on-mouseover="_onMouseOver"
                 t-on-mouseout="_onMouseOut">
                <div class="table-responsive">
                    <table class="o_list_table table table-sm table-hover table-striped o_list_table_ungrouped">
                        <thead>
                            <tr>
                                <th>Calling</th>
                                <th>Called</th>
                                <th>Calling User</th>
                                <th>Answered User</th>
                                <th>Partner</th>
                                <th>Reference</th>
                                <th>Direction</th>
                            </tr>
                        </thead>
                        <tbody>
                            <t t-foreach="state.calls" t-as="call" t-key="call.id">
                                <tr t-on-click="() => this._OpenActiveCallForm(call.id)">
                                    <td><t t-esc="call.calling_number"/></td>
                                    <td><t t-esc="call.called_number"/></td>
                                    <td><t t-if="call.calling_user" t-esc="call.calling_user[1]"/></td>
                                    <td><t t-if="call.answered_user" t-esc="call.answered_user[1]"/></td>
                                    <td t-on-click="(ev) => this._openPartnerForm(ev, call.partner)">
                                        <t t-if="call.partner" t-esc="call.partner[1]"/>
                                    </td>
                                    <td t-on-click="(ev) => this._openReferenceForm(ev, call.ref)">
                                        <t t-if="call.ref" t-esc="call.ref_name"/>
                                    </td>
                                    <td>
                                        <span t-attf-class="fa fa-arrow-{{call.direction === 'in' ? 'left' : 'right'}}"/>
                                    </td>
                                </tr>
                            </t>
                        </tbody>
                    </table>
                </div>
            </div>
            <div t-else="" class="no-active-calls text-center o_no_activity">
                <span>No active calls.</span>
            </div>
        </div>
        <div t-else=""/>
    </t>

</templates>